C00058	Formate; Methanoate	Organic acids; Carboxylic acids; Monocarboxylic acids
C00033	Acetate; Ethanoate	Organic acids; Carboxylic acids; Monocarboxylic acids
C00163	Propionate; Propanoate	Organic acids; Carboxylic acids; Monocarboxylic acids
C00246	Butyrate; Butanoate	Organic acids; Carboxylic acids; Monocarboxylic acids
C00803	Valerate; Pentanoate	Organic acids; Carboxylic acids; Monocarboxylic acids
C01585	Capronate; Hexanoate	Organic acids; Carboxylic acids; Monocarboxylic acids
C17714	Enanthate; Heptanoate	Organic acids; Carboxylic acids; Monocarboxylic acids
C06423	Caprylate; Octanoate	Organic acids; Carboxylic acids; Monocarboxylic acids
C00209	Oxalate	Organic acids; Carboxylic acids; Dicarboxylic acids
C00383	Malonate	Organic acids; Carboxylic acids; Dicarboxylic acids
C00042	Succinate	Organic acids; Carboxylic acids; Dicarboxylic acids
C00489	Glutarate	Organic acids; Carboxylic acids; Dicarboxylic acids
C06104	Adipate	Organic acids; Carboxylic acids; Dicarboxylic acids
C02656	Pimelate	Organic acids; Carboxylic acids; Dicarboxylic acids
C08278	Suberate	Organic acids; Carboxylic acids; Dicarboxylic acids
C00158	Citrate	Organic acids; Carboxylic acids; Tricarboxylic acids
C00311	Isocitrate	Organic acids; Carboxylic acids; Tricarboxylic acids
C00417	cis-Aconitate	Organic acids; Carboxylic acids; Tricarboxylic acids
C02341	trans-Aconitate	Organic acids; Carboxylic acids; Tricarboxylic acids
C00048	Glyoxylate; Oxoacetate	Organic acids; Carboxylic acids; 2-Oxocarboxylic acids
C00022	Pyruvate; 2-Oxopropanoate	Organic acids; Carboxylic acids; 2-Oxocarboxylic acids
C00109	2-Oxobutanoate	Organic acids; Carboxylic acids; 2-Oxocarboxylic acids
C06255	2-Oxovalerate	Organic acids; Carboxylic acids; 2-Oxocarboxylic acids
C00902	2-Oxohexanoate	Organic acids; Carboxylic acids; 2-Oxocarboxylic acids
C00036	Oxaloacetate; 2-Oxosuccinate	Organic acids; Carboxylic acids; 2-Oxocarboxylic acids
C00026	2-Oxoglutarate	Organic acids; Carboxylic acids; 2-Oxocarboxylic acids
C00322	2-Oxoadipate	Organic acids; Carboxylic acids; 2-Oxocarboxylic acids
C16588	2-Oxopimelate	Organic acids; Carboxylic acids; 2-Oxocarboxylic acids
C16589	2-Oxosuberate	Organic acids; Carboxylic acids; 2-Oxocarboxylic acids
C00141	2-Oxoisovalerate	Organic acids; Carboxylic acids; 2-Oxocarboxylic acids
C00233	2-Oxoisocaproate	Organic acids; Carboxylic acids; 2-Oxocarboxylic acids
C00671	(S)-3-Methyl-2-oxopentanoic acid	Organic acids; Carboxylic acids; 2-Oxocarboxylic acids
C00222	3-Oxopropanoate	Organic acids; Carboxylic acids; 3-Oxocarboxylic acids
C00164	Acetoacetate; 3-Oxobutanoate	Organic acids; Carboxylic acids; 3-Oxocarboxylic acids
C00232	Succinate semialdehyde; 4-Oxobutanoate	Organic acids; Carboxylic acids; 4-Oxocarboxylic acid
C00186	L-Lactate; (S)-2-Hydroxypropanoate	Organic acids; Carboxylic acids; Hydroxycarboxylic acids
C00149	Malate; (S)-2-Hydroxybutanediate	Organic acids; Carboxylic acids; Hydroxycarboxylic acids
C01013	3-Hydroxypropanoate	Organic acids; Carboxylic acids; Hydroxycarboxylic acids
C01089	(R)-3-Hydroxybutanoate	Organic acids; Carboxylic acids; Hydroxycarboxylic acids
C00989	4-Hydroxybutanoate	Organic acids; Carboxylic acids; Hydroxycarboxylic acids
C00246	Butyric acid (4:0)	Lipids; Fatty acids; Saturated fatty acids
C01585	Caproic acid (6:0)	Lipids; Fatty acids; Saturated fatty acids
C06423	Caprylic acid (8:0)	Lipids; Fatty acids; Saturated fatty acids
C01571	Capric acid (10:0)	Lipids; Fatty acids; Saturated fatty acids
C02679	Lauric acid (12:0)	Lipids; Fatty acids; Saturated fatty acids
C06424	Myristic acid (14:0)	Lipids; Fatty acids; Saturated fatty acids
C00249	Palmitic acid (16:0)	Lipids; Fatty acids; Saturated fatty acids
C01530	Stearic acid (18:0)	Lipids; Fatty acids; Saturated fatty acids
C06425	Arachidic acid (20:0)	Lipids; Fatty acids; Saturated fatty acids
C08281	Behenic acid (22:0)	Lipids; Fatty acids; Saturated fatty acids
C08320	Lignoceric acid (24:0)	Lipids; Fatty acids; Saturated fatty acids
C08362	Palmitoleic acid (16:1;9)	Lipids; Fatty acids; Unsaturated fatty acids
C00712	Oleic acid (18:1;9)	Lipids; Fatty acids; Unsaturated fatty acids
C01712	Elaidic acid (18:1;9)	Lipids; Fatty acids; Unsaturated fatty acids
C16526	Icosenoic acid (20:1;11)	Lipids; Fatty acids; Unsaturated fatty acids
C08316	Erucic acid (22:1;13)	Lipids; Fatty acids; Unsaturated fatty acids
C08323	Nervonic acid (24:1;15)	Lipids; Fatty acids; Unsaturated fatty acids
C01595	Linoleic acid (18:2;9,12)	Lipids; Fatty acids; Unsaturated fatty acids
C16525	Icosadienoic acid (20:2;11,14)	Lipids; Fatty acids; Unsaturated fatty acids
C16533	Docosadienoic acid (22:2;13,16)	Lipids; Fatty acids; Unsaturated fatty acids
C06426	gamma-Linolenic acid (18:3;6,9,12)	Lipids; Fatty acids; Unsaturated fatty acids
C06427	alpha-Linolenic acid (18:3;9,12,15)	Lipids; Fatty acids; Unsaturated fatty acids
C00219	Arachidonic acid (20:4;5,8,11,14)	Lipids; Fatty acids; Unsaturated fatty acids
C06428	Eicosapentaenoic acid (20:5;5,8,11,14.17)	Lipids; Fatty acids; Unsaturated fatty acids
C06429	Docosahexaenoic acid (22:6;4,7,10,13,16,19)	Lipids; Fatty acids; Unsaturated fatty acids
C01885	1-Monoacylglycerol	Lipids; Fats; Acylglycerols
C02112	2-Monoacylglycerol	Lipids; Fats; Acylglycerols
C00641	1,2-Diacylglycerol	Lipids; Fats; Acylglycerols
C06437	1,3-Diacylglycerol	Lipids; Fats; Acylglycerols
C00422	Triacylglycerol	Lipids; Fats; Acylglycerols
C00416	Phosphatidic acid	Lipids; Phospholipids; Glycerophospholipids
C00350	Phosphatidylethanolamine	Lipids; Phospholipids; Glycerophospholipids
C00157	Phosphatidylcholine; Lecithin	Lipids; Phospholipids; Glycerophospholipids
C02737	Phosphatidylserine	Lipids; Phospholipids; Glycerophospholipids
C01194	Phosphatidylinositol	Lipids; Phospholipids; Glycerophospholipids
C04230	2-Lysolecithin	Lipids; Phospholipids; Glycerophospholipids
C04756	Plasmenylethanolamine	Lipids; Phospholipids; Glycerophospholipids
C00958	Plasmenylcholine	Lipids; Phospholipids; Glycerophospholipids
C00344	Phosphatidylglycerol	Lipids; Phospholipids; Glycerophospholipids
C05980	Diphosphatidylglycerol; Cardiolipin	Lipids; Phospholipids; Glycerophospholipids
C00550	Sphingomyelin	Lipids; Phospholipids; Phosphosphingolipids
C03692	Monogalactosyldiacylglycerol	Lipids; Glycolipids; Glyceroglycolipids
C06037	Digalactosyldiacylglycerol	Lipids; Glycolipids; Glyceroglycolipids
C20825	Seminolipid	Lipids; Glycolipids; Glyceroglycolipids
C01190	Glucosylceramide	Lipids; Glycolipids; Glycosphingolipids
C02686	Galactosylceramide	Lipids; Glycolipids; Glycosphingolipids
C01290	Lactosylceramide	Lipids; Glycolipids; Glycosphingolipids
C04911	GM1	Lipids; Glycolipids; Glycosphingolipids
C04884	GM2	Lipids; Glycolipids; Glycosphingolipids
C04730	GM3	Lipids; Glycolipids; Glycosphingolipids
C06125	Sulfatide	Lipids; Glycolipids; Glycosphingolipids
C04685	Prostaglandin A1	Lipids; Eicosanoids; Prostaglandins
C05953	Prostaglandin A2	Lipids; Eicosanoids; Prostaglandins
C00959	Prostaglandin B1	Lipids; Eicosanoids; Prostaglandins
C05954	Prostaglandin B2	Lipids; Eicosanoids; Prostaglandins
C04686	Prostaglandin C1	Lipids; Eicosanoids; Prostaglandins
C05955	Prostaglandin C2	Lipids; Eicosanoids; Prostaglandins
C06438	Prostaglandin D1	Lipids; Eicosanoids; Prostaglandins
C00696	Prostaglandin D2	Lipids; Eicosanoids; Prostaglandins
C04741	Prostaglandin E1	Lipids; Eicosanoids; Prostaglandins
C00584	Prostaglandin E2	Lipids; Eicosanoids; Prostaglandins
C06439	Prostaglandin E3	Lipids; Eicosanoids; Prostaglandins
C06475	Prostaglandin F1alpha	Lipids; Eicosanoids; Prostaglandins
C00639	Prostaglandin F2alpha	Lipids; Eicosanoids; Prostaglandins
C02314	Prostaglandin F2beta	Lipids; Eicosanoids; Prostaglandins
C06476	Prostaglandin F3alpha	Lipids; Eicosanoids; Prostaglandins
C05956	Prostaglandin G2	Lipids; Eicosanoids; Prostaglandins
C00427	Prostaglandin H2	Lipids; Eicosanoids; Prostaglandins
C01312	Prostaglandin I2	Lipids; Eicosanoids; Prostaglandins
C05957	Prostaglandin J2	Lipids; Eicosanoids; Prostaglandins
C00909	Leukotriene A4	Lipids; Eicosanoids; Leukotrienes
C02165	Leukotriene B4	Lipids; Eicosanoids; Leukotrienes
C02166	Leukotriene C4	Lipids; Eicosanoids; Leukotrienes
C05951	Leukotriene D4	Lipids; Eicosanoids; Leukotrienes
C05952	Leukotriene E4	Lipids; Eicosanoids; Leukotrienes
C06462	Leukotriene F4	Lipids; Eicosanoids; Leukotrienes
C05356	5-HPETE	Lipids; Eicosanoids; Leukotrienes
C02198	Thromboxane A2	Lipids; Eicosanoids; Thromboxanes
C05963	Thromboxane B2	Lipids; Eicosanoids; Thromboxanes
C05964	11-Dehydro-thromboxane B2	Lipids; Eicosanoids; Thromboxanes
C00577	D-Glyceraldehyde	Carbohydrates; Monosaccharides; Aldoses
C02426	L-Glyceraldehyde	Carbohydrates; Monosaccharides; Aldoses
C01796	D-Erythrose	Carbohydrates; Monosaccharides; Aldoses
C06463	D-Threose	Carbohydrates; Monosaccharides; Aldoses
C00216	D-Arabinose	Carbohydrates; Monosaccharides; Aldoses
C00259	L-Arabinose	Carbohydrates; Monosaccharides; Aldoses
C00181	D-Xylose	Carbohydrates; Monosaccharides; Aldoses
C01510	L-Xylose	Carbohydrates; Monosaccharides; Aldoses
C00476	D-Lyxose	Carbohydrates; Monosaccharides; Aldoses
C01508	L-Lyxose	Carbohydrates; Monosaccharides; Aldoses
C00121	D-Ribose	Carbohydrates; Monosaccharides; Aldoses
C00031	D-Glucose	Carbohydrates; Monosaccharides; Aldoses
C00124	D-Galactose	Carbohydrates; Monosaccharides; Aldoses
C01825	L-Galactose	Carbohydrates; Monosaccharides; Aldoses
C00159	D-Mannose	Carbohydrates; Monosaccharides; Aldoses
C01487	D-Allose	Carbohydrates; Monosaccharides; Aldoses
C06464	D-Altrose	Carbohydrates; Monosaccharides; Aldoses
C06465	D-Gulose	Carbohydrates; Monosaccharides; Aldoses
C15923	L-Gulose	Carbohydrates; Monosaccharides; Aldoses
C06466	D-Idose	Carbohydrates; Monosaccharides; Aldoses
C06467	D-Talose	Carbohydrates; Monosaccharides; Aldoses
C06474	3,6-Anhydrogalactose	Carbohydrates; Monosaccharides; Aldoses
C06478	3,6-Anhydroglucose	Carbohydrates; Monosaccharides; Aldoses
C00184	Dihydroxyacetone	Carbohydrates; Monosaccharides; Ketoses
C02022	D-Erythrulose	Carbohydrates; Monosaccharides; Ketoses
C02045	L-Erythrulose	Carbohydrates; Monosaccharides; Ketoses
C00309	D-Ribulose	Carbohydrates; Monosaccharides; Ketoses
C00508	L-Ribulose	Carbohydrates; Monosaccharides; Ketoses
C00310	D-Xylulose	Carbohydrates; Monosaccharides; Ketoses
C00312	L-Xylulose	Carbohydrates; Monosaccharides; Ketoses
C00095	D-Fructose; Fruit sugar	Carbohydrates; Monosaccharides; Ketoses
C01719	L-Fructose	Carbohydrates; Monosaccharides; Ketoses
C00764	D-Sorbose	Carbohydrates; Monosaccharides; Ketoses
C00247	L-Sorbose	Carbohydrates; Monosaccharides; Ketoses
C00795	D-Tagatose	Carbohydrates; Monosaccharides; Ketoses
C06468	D-Psicose	Carbohydrates; Monosaccharides; Ketoses
C02076	Sedoheptulose	Carbohydrates; Monosaccharides; Ketoses
C19612	Coriose	Carbohydrates; Monosaccharides; Ketoses
C01801	Deoxyribose	Carbohydrates; Monosaccharides; Deoxy sugars
C01018	D-Fucose	Carbohydrates; Monosaccharides; Deoxy sugars
C01019	L-Fucose	Carbohydrates; Monosaccharides; Deoxy sugars
C01684	D-Rhamnose	Carbohydrates; Monosaccharides; Deoxy sugars
C00507	L-Rhamnose	Carbohydrates; Monosaccharides; Deoxy sugars
C00586	2-Deoxy-D-glucose	Carbohydrates; Monosaccharides; Deoxy sugars
C02522	D-Quinovose	Carbohydrates; Monosaccharides; Deoxy sugars
C02781	2-Deoxy-D-galactose	Carbohydrates; Monosaccharides; Deoxy sugars
C06471	Abequose	Carbohydrates; Monosaccharides; Deoxy sugars
C00329	D-Glucosamine	Carbohydrates; Monosaccharides; Amino sugars
C02262	D-Galactosamine	Carbohydrates; Monosaccharides; Amino sugars
C03570	D-Mannosamine	Carbohydrates; Monosaccharides; Amino sugars
C15478	D-Fucosamine	Carbohydrates; Monosaccharides; Amino sugars
C15479	D-Quinovosamine	Carbohydrates; Monosaccharides; Amino sugars
C06469	Neuraminic acid	Carbohydrates; Monosaccharides; Amino sugars
C06470	Muramic acid	Carbohydrates; Monosaccharides; Amino sugars
C00140	N-Acetyl-D-glucosamine	Carbohydrates; Monosaccharides; Amino sugars
C01132	N-Acetyl-D-galactosamine	Carbohydrates; Monosaccharides; Amino sugars
C00645	N-Acetyl-D-mannosamine	Carbohydrates; Monosaccharides; Amino sugars
C15480	N-Acetyl-D-fucosamine	Carbohydrates; Monosaccharides; Amino sugars
C15481	N-Acetyl-D-quinovosamine	Carbohydrates; Monosaccharides; Amino sugars
C00270	N-Acetylneuraminic acid	Carbohydrates; Monosaccharides; Amino sugars
C02713	N-Acetylmuramic acid	Carbohydrates; Monosaccharides; Amino sugars
C03525	O-Acetylneuraminic acid	Carbohydrates; Monosaccharides; Amino sugars
C03410	N-Glycoloyl-neuraminate	Carbohydrates; Monosaccharides; Amino sugars
C00905	D-Fructuronic acid	Carbohydrates; Monosaccharides; Sugar acids
C00558	D-Tagaturonic acid	Carbohydrates; Monosaccharides; Sugar acids
C00191	D-Glucuronic acid	Carbohydrates; Monosaccharides; Sugar acids
C00333	D-Galacturonic acid	Carbohydrates; Monosaccharides; Sugar acids
C02024	D-Mannuronic acid	Carbohydrates; Monosaccharides; Sugar acids
C06472	L-Iduronic acid	Carbohydrates; Monosaccharides; Sugar acids
C06477	L-Guluronic acid	Carbohydrates; Monosaccharides; Sugar acids
C00257	D-Gluconic acid	Carbohydrates; Monosaccharides; Sugar acids
C03752	D-Glucosaminic acid	Carbohydrates; Monosaccharides; Sugar acids
C06473	2-Keto-D-gluconic acid	Carbohydrates; Monosaccharides; Sugar acids
C01187	3-Deoxy-D-manno-octulosonic acid	Carbohydrates; Monosaccharides; Sugar acids
C00116	Glycerol	Carbohydrates; Monosaccharides; Sugar alcohols
C00379	Xylitol	Carbohydrates; Monosaccharides; Sugar alcohols
C00794	Sorbitol	Carbohydrates; Monosaccharides; Sugar alcohols
C00392	Mannitol	Carbohydrates; Monosaccharides; Sugar alcohols
C00137	myo-Inositol	Carbohydrates; Monosaccharides; Sugar alcohols
C00089	Sucrose; Cane sugar	Carbohydrates; Oligosaccharides; Disaccharides
C00243	Lactose; Milk sugar	Carbohydrates; Oligosaccharides; Disaccharides
C00208	Maltose; Malt sugar	Carbohydrates; Oligosaccharides; Disaccharides
C01083	Trehalose	Carbohydrates; Oligosaccharides; Disaccharides
C00185	Cellobiose	Carbohydrates; Oligosaccharides; Disaccharides
C19632	Kojibiose	Carbohydrates; Oligosaccharides; Disaccharides
C01518	Nigerose	Carbohydrates; Oligosaccharides; Disaccharides
C00252	Isomaltose	Carbohydrates; Oligosaccharides; Disaccharides
C08250	Sophorose	Carbohydrates; Oligosaccharides; Disaccharides
C02048	Laminaribiose	Carbohydrates; Oligosaccharides; Disaccharides
C08240	Gentiobiose	Carbohydrates; Oligosaccharides; Disaccharides
C19636	Turanose	Carbohydrates; Oligosaccharides; Disaccharides
C19633	Maltulose	Carbohydrates; Oligosaccharides; Disaccharides
C01742	Palatinose	Carbohydrates; Oligosaccharides; Disaccharides
C19635	Scillabiose	Carbohydrates; Oligosaccharides; Disaccharides
C01728	Mannobiose	Carbohydrates; Oligosaccharides; Disaccharides
C05402	Melibiose	Carbohydrates; Oligosaccharides; Disaccharides
C06372	Lacto-N-biose	Carbohydrates; Oligosaccharides; Disaccharides
C19634	Melibiulose	Carbohydrates; Oligosaccharides; Disaccharides
C08247	Rutinose	Carbohydrates; Oligosaccharides; Disaccharides
C01625	Vicianose	Carbohydrates; Oligosaccharides; Disaccharides
C01630	Xylobiose	Carbohydrates; Oligosaccharides; Disaccharides
C06371	Lacto-N-tetraose	Carbohydrates; Oligosaccharides; Tetrasaccharides
		Carbohydrates; Polysaccharides; Homopolysaccharides
		Carbohydrates; Polysaccharides; Homopolysaccharides
		Carbohydrates; Polysaccharides; Homopolysaccharides
		Carbohydrates; Polysaccharides; Homopolysaccharides
		Carbohydrates; Polysaccharides; Homopolysaccharides
		Carbohydrates; Polysaccharides; Homopolysaccharides
		Carbohydrates; Polysaccharides; Homopolysaccharides
		Carbohydrates; Polysaccharides; Homopolysaccharides
		Carbohydrates; Polysaccharides; Heteropolysaccharides
		Carbohydrates; Polysaccharides; Heteropolysaccharides
		Carbohydrates; Polysaccharides; Heteropolysaccharides
		Carbohydrates; Polysaccharides; Heteropolysaccharides
		Carbohydrates; Polysaccharides; Heteropolysaccharides
		Carbohydrates; Polysaccharides; Heteropolysaccharides
		Carbohydrates; Polysaccharides; Heteropolysaccharides
		Carbohydrates; Polysaccharides; Heteropolysaccharides
		Carbohydrates; Polysaccharides; Heteropolysaccharides
C00147	Adenine (Ade)	Nucleic acids; Bases; Purines
C00242	Guanine (Gua)	Nucleic acids; Bases; Purines
C00106	Uracil (Ura)	Nucleic acids; Bases; Pyrimidines
C00178	Thymine (Thy)	Nucleic acids; Bases; Pyrimidines
C00380	Cytosine (Cyt)	Nucleic acids; Bases; Pyrimidines
C00212	Adenosine (A)	Nucleic acids; Nucleosides; Ribonucleosides
C00387	Guanosine (G)	Nucleic acids; Nucleosides; Ribonucleosides
C00299	Uridine (U)	Nucleic acids; Nucleosides; Ribonucleosides
C00475	Cytidine (C)	Nucleic acids; Nucleosides; Ribonucleosides
C00559	Deoxyadenosine (dA)	Nucleic acids; Nucleosides; Deoxyribonucleosides
C00330	Deoxyguanosine (dG)	Nucleic acids; Nucleosides; Deoxyribonucleosides
C00526	Deoxyuridine (dU)	Nucleic acids; Nucleosides; Deoxyribonucleosides
C00214	Deoxythymidine (dT)	Nucleic acids; Nucleosides; Deoxyribonucleosides
C00881	Deoxycytidine (dC)	Nucleic acids; Nucleosides; Deoxyribonucleosides
C00020	AMP	Nucleic acids; Nucleotides; Ribonucleotides
C00008	ADP	Nucleic acids; Nucleotides; Ribonucleotides
C00002	ATP	Nucleic acids; Nucleotides; Ribonucleotides
C00144	GMP	Nucleic acids; Nucleotides; Ribonucleotides
C00035	GDP	Nucleic acids; Nucleotides; Ribonucleotides
C00044	GTP	Nucleic acids; Nucleotides; Ribonucleotides
C00105	UMP	Nucleic acids; Nucleotides; Ribonucleotides
C00015	UDP	Nucleic acids; Nucleotides; Ribonucleotides
C00075	UTP	Nucleic acids; Nucleotides; Ribonucleotides
C00055	CMP	Nucleic acids; Nucleotides; Ribonucleotides
C00112	CDP	Nucleic acids; Nucleotides; Ribonucleotides
C00063	CTP	Nucleic acids; Nucleotides; Ribonucleotides
C00360	dAMP	Nucleic acids; Nucleotides; Deoxyribonucleotides
C00206	dADP	Nucleic acids; Nucleotides; Deoxyribonucleotides
C00131	dATP	Nucleic acids; Nucleotides; Deoxyribonucleotides
C00362	dGMP	Nucleic acids; Nucleotides; Deoxyribonucleotides
C00361	dGDP	Nucleic acids; Nucleotides; Deoxyribonucleotides
C00286	dGTP	Nucleic acids; Nucleotides; Deoxyribonucleotides
C00365	dUMP	Nucleic acids; Nucleotides; Deoxyribonucleotides
C01346	dUDP	Nucleic acids; Nucleotides; Deoxyribonucleotides
C00460	dUTP	Nucleic acids; Nucleotides; Deoxyribonucleotides
C00364	dTMP	Nucleic acids; Nucleotides; Deoxyribonucleotides
C00363	dTDP	Nucleic acids; Nucleotides; Deoxyribonucleotides
C00459	dTTP	Nucleic acids; Nucleotides; Deoxyribonucleotides
C00239	dCMP	Nucleic acids; Nucleotides; Deoxyribonucleotides
C00705	dCDP	Nucleic acids; Nucleotides; Deoxyribonucleotides
C00458	dCTP	Nucleic acids; Nucleotides; Deoxyribonucleotides
C00575	3',5'-Cyclic AMP	Nucleic acids; Cyclic nucleotides; 3',5'-Cyclic nuclcleotides
C00942	3',5'-Cyclic GMP	Nucleic acids; Cyclic nucleotides; 3',5'-Cyclic nuclcleotides
C00943	3',5'-Cyclic IMP	Nucleic acids; Cyclic nucleotides; 3',5'-Cyclic nuclcleotides
C00968	3',5'-Cyclic dAMP	Nucleic acids; Cyclic nucleotides; 3',5'-Cyclic nuclcleotides
C02507	3',5'-Cyclic dGMP	Nucleic acids; Cyclic nucleotides; 3',5'-Cyclic nuclcleotides
C00941	3',5'-Cyclic CMP	Nucleic acids; Cyclic nucleotides; 3',5'-Cyclic nuclcleotides
C02353	2',3'-Cyclic AMP	Nucleic acids; Cyclic nucleotides; 2',3'-Cyclic nucleotides
C06194	2',3'-Cyclic GMP	Nucleic acids; Cyclic nucleotides; 2',3'-Cyclic nucleotides
C02354	2',3'-Cyclic CMP	Nucleic acids; Cyclic nucleotides; 2',3'-Cyclic nucleotides
C02355	2',3'-Cyclic UMP	Nucleic acids; Cyclic nucleotides; 2',3'-Cyclic nucleotides
C01262	Anserine	Peptides; Peptides; Dipeptides
C00386	Carnosine	Peptides; Peptides; Dipeptides
C00993	D-Alanyl-D-alanine	Peptides; Peptides; Dipeptides
C00037	Glycine (Gly)	Peptides; Amino acids; Common amino acids
C00041	Alanine (Ala)	Peptides; Amino acids; Common amino acids
C00183	Valine (Val)	Peptides; Amino acids; Common amino acids
C00123	Leucine (Leu)	Peptides; Amino acids; Common amino acids
C00407	Isoleucine (Ile)	Peptides; Amino acids; Common amino acids
C00049	Aspartic acid (Asp)	Peptides; Amino acids; Common amino acids
C00152	Asparagine (Asn)	Peptides; Amino acids; Common amino acids
C00025	Glutamic acid (Glu)	Peptides; Amino acids; Common amino acids
C00064	Glutamine (Gln)	Peptides; Amino acids; Common amino acids
C00065	Serine (Ser)	Peptides; Amino acids; Common amino acids
C00188	Threonine (Thr)	Peptides; Amino acids; Common amino acids
C00073	Methionine (Met)	Peptides; Amino acids; Common amino acids
C00097	Cysteine (Cys)	Peptides; Amino acids; Common amino acids
C00047	Lysine (Lys)	Peptides; Amino acids; Common amino acids
C00062	Arginine (Arg)	Peptides; Amino acids; Common amino acids
C00135	Histidine (His)	Peptides; Amino acids; Common amino acids
C00148	Proline (Pro)	Peptides; Amino acids; Common amino acids
C00079	Phenylalanine (Phe)	Peptides; Amino acids; Common amino acids
C00082	Tyrosine (Tyr)	Peptides; Amino acids; Common amino acids
C00078	Tryptophan (Trp)	Peptides; Amino acids; Common amino acids
C05688	Selenocysteine (Sec)	Peptides; Amino acids; Other amino acids
C16138	Pyrrolysine (Pyl)	Peptides; Amino acids; Other amino acids
C00077	L-Ornithine	Peptides; Amino acids; Other amino acids
C00155	L-Homocysteine	Peptides; Amino acids; Other amino acids
C00263	L-Homoserine	Peptides; Amino acids; Other amino acids
C00327	L-Citrulline	Peptides; Amino acids; Other amino acids
C00606	3-Sulfino-L-alanine	Peptides; Amino acids; Other amino acids
C03406	L-Argininosuccinate	Peptides; Amino acids; Other amino acids
C00355	3,4-Dihydroxy-L-phenylalanine	Peptides; Amino acids; Other amino acids
C02515	3-Iodo-L-tyrosine	Peptides; Amino acids; Other amino acids
C01060	3,5-Diiodo-L-tyrosine	Peptides; Amino acids; Other amino acids
C02465	Triiodothyronine	Peptides; Amino acids; Other amino acids
C01829	L-Thyroxine	Peptides; Amino acids; Other amino acids
C00099	beta-Alanine	Peptides; Amino acids; Other amino acids
C00334	gamma-Aminobutyric acid	Peptides; Amino acids; Other amino acids
C05145	3-Aminoisobutyric acid	Peptides; Amino acids; Other amino acids
C00133	D-Alanine	Peptides; Amino acids; Other amino acids
C06417	D-Valine	Peptides; Amino acids; Other amino acids
C01570	D-Leucine	Peptides; Amino acids; Other amino acids
C06418	D-Isoleucine	Peptides; Amino acids; Other amino acids
C00402	D-Aspartic acid	Peptides; Amino acids; Other amino acids
C01905	D-Asparagine	Peptides; Amino acids; Other amino acids
C00217	D-Glutamic acid	Peptides; Amino acids; Other amino acids
C00819	D-Glutamine	Peptides; Amino acids; Other amino acids
C00740	D-Serine	Peptides; Amino acids; Other amino acids
C00820	D-Threonine	Peptides; Amino acids; Other amino acids
C00855	D-Methionine	Peptides; Amino acids; Other amino acids
C00793	D-Cysteine	Peptides; Amino acids; Other amino acids
C00739	D-Lysine	Peptides; Amino acids; Other amino acids
C00792	D-Arginine	Peptides; Amino acids; Other amino acids
C06419	D-Histidine	Peptides; Amino acids; Other amino acids
C00763	D-Proline	Peptides; Amino acids; Other amino acids
C02265	D-Phenylalanine	Peptides; Amino acids; Other amino acids
C06420	D-Tyrosine	Peptides; Amino acids; Other amino acids
C00525	D-Tryptophan	Peptides; Amino acids; Other amino acids
C01879	Pidolic acid	Peptides; Amino acids; Other amino acids
C01157	Hydroxyproline	Peptides; Amino acids; Other amino acids
C01420	Cystine	Peptides; Amino acids; Other amino acids
C03145	N-Formylmethionine	Peptides; Amino acids; Other amino acids
C00189	Ethanolamine	Peptides; Amines; Biogenic amines
C01678	Cysteamine	Peptides; Amines; Biogenic amines
C03194	Aminopropanol	Peptides; Amines; Biogenic amines
C00099	beta-Alanine	Peptides; Amines; Biogenic amines
C00334	gamma-Aminobutyric acid (GABA)	Peptides; Amines; Biogenic amines
C00134	Putrescine	Peptides; Amines; Biogenic amines
C00388	Histamine	Peptides; Amines; Biogenic amines
C03758	Dopamine	Peptides; Amines; Biogenic amines
C00780	Serotonin	Peptides; Amines; Biogenic amines
C00483	Tyramine	Peptides; Amines; Biogenic amines
C05332	Phenethylamine	Peptides; Amines; Biogenic amines
C01137	S-Adenosylmethioninamine	Peptides; Amines; Biogenic amines
C00473	Retinol (Vitamin A)	Vitamins and Cofactors; Vitamins; Fat-soluble vitamins
C05441	Ergocalciferol (Vitamin D2)	Vitamins and Cofactors; Vitamins; Fat-soluble vitamins
C05443	Cholecalciferol (Vitamin D3)	Vitamins and Cofactors; Vitamins; Fat-soluble vitamins
C02477	alpha-Tocopherol (Vitamin E)	Vitamins and Cofactors; Vitamins; Fat-soluble vitamins
C02059	Phylloquinone (Vitamin K1)	Vitamins and Cofactors; Vitamins; Fat-soluble vitamins
C00828	Menaquinone (Vitamin K2)	Vitamins and Cofactors; Vitamins; Fat-soluble vitamins
C00378	Thiamine (Vitamin B1)	Vitamins and Cofactors; Vitamins; Water-soluble vitamins
C00255	Riboflavin (Vitamin B2)	Vitamins and Cofactors; Vitamins; Water-soluble vitamins
C00253	Nicotinic acid (Vitamin B3)	Vitamins and Cofactors; Vitamins; Water-soluble vitamins
C00153	Nicotinamide (Vitamin B3)	Vitamins and Cofactors; Vitamins; Water-soluble vitamins
C00864	Pantothenic acid (Vitamin B5)	Vitamins and Cofactors; Vitamins; Water-soluble vitamins
C00250	Pyridoxal (Vitamin B6)	Vitamins and Cofactors; Vitamins; Water-soluble vitamins
C00314	Pyridoxine (Vitamin B6)	Vitamins and Cofactors; Vitamins; Water-soluble vitamins
C00534	Pyridoxamine (Vitamin B6)	Vitamins and Cofactors; Vitamins; Water-soluble vitamins
C00504	Folic acid (Vitamin B9)	Vitamins and Cofactors; Vitamins; Water-soluble vitamins
C05776	Cobalamin(III) (Vitamin B12)	Vitamins and Cofactors; Vitamins; Water-soluble vitamins
C00072	Ascorbic acid (Vitamin C)	Vitamins and Cofactors; Vitamins; Water-soluble vitamins
C00068	TPP	Vitamins and Cofactors; Cofactors; Coenzymes
C00016	FAD	Vitamins and Cofactors; Cofactors; Coenzymes
C00061	FMN	Vitamins and Cofactors; Cofactors; Coenzymes
C00003	NAD	Vitamins and Cofactors; Cofactors; Coenzymes
C00006	NADP	Vitamins and Cofactors; Cofactors; Coenzymes
C00010	CoA	Vitamins and Cofactors; Cofactors; Coenzymes
C00018	PLP	Vitamins and Cofactors; Cofactors; Coenzymes
C00101	THF	Vitamins and Cofactors; Cofactors; Coenzymes
C00194	Cobamamide	Vitamins and Cofactors; Cofactors; Coenzymes
C00002	ATP	Vitamins and Cofactors; Cofactors; Coenzymes
C00063	CTP	Vitamins and Cofactors; Cofactors; Coenzymes
C00019	SAM	Vitamins and Cofactors; Cofactors; Coenzymes
C00029	UDP-glucose	Vitamins and Cofactors; Cofactors; Coenzymes
C04628	Coenzyme B	Vitamins and Cofactors; Cofactors; Coenzymes
C05777	Coenzyme F430	Vitamins and Cofactors; Cofactors; Coenzymes
C03576	Coenzyme M	Vitamins and Cofactors; Cofactors; Coenzymes
C11378	Coenzyme Q10	Vitamins and Cofactors; Cofactors; Coenzymes
C00051	Glutathione	Vitamins and Cofactors; Cofactors; Coenzymes
C00862	Methanofuran	Vitamins and Cofactors; Cofactors; Coenzymes
C00053	PAPS	Vitamins and Cofactors; Cofactors; Coenzymes
C00272	Tetrahydrobiopterin	Vitamins and Cofactors; Cofactors; Coenzymes
C01217	5,6,7,8-Tetrahydromethanopterin	Vitamins and Cofactors; Cofactors; Coenzymes
C15670	Heme A	Vitamins and Cofactors; Cofactors; Coenzymes
C00032	Heme B	Vitamins and Cofactors; Cofactors; Coenzymes
C15672	Heme O	Vitamins and Cofactors; Cofactors; Coenzymes
C00120	Biotin	Vitamins and Cofactors; Cofactors; Coenzymes
C00725	Lipoate	Vitamins and Cofactors; Cofactors; Coenzymes
C18237	Molybdenum cofactor	Vitamins and Cofactors; Cofactors; Coenzymes
C00113	PQQ	Vitamins and Cofactors; Cofactors; Coenzymes
C02537	Estradiol-17alpha	Steroids; 18-Carbon atoms; Estrane derivatives
C00951	Estradiol-17beta	Steroids; 18-Carbon atoms; Estrane derivatives
C05141	Estriol	Steroids; 18-Carbon atoms; Estrane derivatives
C00468	Estrone	Steroids; 18-Carbon atoms; Estrane derivatives
C14392	Equilin	Steroids; 18-Carbon atoms; Estrane derivatives
C14303	Equilenin	Steroids; 18-Carbon atoms; Estrane derivatives
C05301	2-Hydroxyestradiol	Steroids; 18-Carbon atoms; Estrane derivatives
C03935	6beta-Hydroxyestradiol-17beta	Steroids; 18-Carbon atoms; Estrane derivatives
C05302	2-Methoxyestradiol-17beta	Steroids; 18-Carbon atoms; Estrane derivatives
C05285	Adrenosterone	Steroids; 19-Carbon atoms; Androstane derivatives
C00523	Androsterone	Steroids; 19-Carbon atoms; Androstane derivatives
C03772	5beta-Androstane-3,17-dione	Steroids; 19-Carbon atoms; Androstane derivatives
C07632	Androstanediol	Steroids; 19-Carbon atoms; Androstane derivatives
C15638	3-Androstanol	Steroids; 19-Carbon atoms; Androstane derivatives
C04295	Androstenediol	Steroids; 19-Carbon atoms; Androstane derivatives
C00280	Androstenedione	Steroids; 19-Carbon atoms; Androstane derivatives
C14210	4-Androstenediol	Steroids; 19-Carbon atoms; Androstane derivatives
C01227	Dehydroepiandrosterone	Steroids; 19-Carbon atoms; Androstane derivatives
C03917	Dihydrotestosterone	Steroids; 19-Carbon atoms; Androstane derivatives
C04373	Etiocholanolone	Steroids; 19-Carbon atoms; Androstane derivatives
C00535	Testosterone	Steroids; 19-Carbon atoms; Androstane derivatives
C01953	Pregnenolone	Steroids; 21-Carbon atoms; Pregnane derivatives
C00410	Progesterone	Steroids; 21-Carbon atoms; Pregnane derivatives
C01780	Aldosterone	Steroids; 21-Carbon atoms; Pregnane derivatives
C03205	11-Deoxycorticosterone	Steroids; 21-Carbon atoms; Pregnane derivatives
C02140	Corticosterone	Steroids; 21-Carbon atoms; Pregnane derivatives
C00735	Cortisol	Steroids; 21-Carbon atoms; Pregnane derivatives
C00762	Cortisone	Steroids; 21-Carbon atoms; Pregnane derivatives
C08859	Cymarin	Steroids; 23-Carbon atoms; Cardanolide derivatives
C08866	Gitoxin	Steroids; 23-Carbon atoms; Cardanolide derivatives
C08876	Neriifolin	Steroids; 23-Carbon atoms; Cardanolide derivatives
C06955	Digitoxin	Steroids; 23-Carbon atoms; Cardanolide derivatives
C06956	Digoxin	Steroids; 23-Carbon atoms; Cardanolide derivatives
C01443	Ouabain	Steroids; 23-Carbon atoms; Cardanolide derivatives
C00695	Cholic acid	Steroids; 24-Carbon atoms; Cholane derivatives
C02528	Chenodeoxycholate	Steroids; 24-Carbon atoms; Cholane derivatives
C04483	Deoxycholic acid	Steroids; 24-Carbon atoms; Cholane derivatives
C03990	Lithocholic acid	Steroids; 24-Carbon atoms; Cholane derivatives
C07880	Ursodiol	Steroids; 24-Carbon atoms; Cholane derivatives
C01921	Glycocholate	Steroids; 24-Carbon atoms; Cholane derivatives
C05122	Taurocholate	Steroids; 24-Carbon atoms; Cholane derivatives
C15517	Hyodeoxycholate	Steroids; 24-Carbon atoms; Cholane derivatives
C15515	Murideoxycholate	Steroids; 24-Carbon atoms; Cholane derivatives
C03070	3-Oxo-5beta-cholanate	Steroids; 24-Carbon atoms; Cholane derivatives
C08868	Hellebrin	Steroids; 24-Carbon atoms; Bufanolide derivatives
C17058	Resibufogenin	Steroids; 24-Carbon atoms; Bufanolide derivatives
C16922	Bufalin	Steroids; 24-Carbon atoms; Bufanolide derivatives
C16923	Bufotalin	Steroids; 24-Carbon atoms; Bufanolide derivatives
C16931	Cinobufagin	Steroids; 24-Carbon atoms; Bufanolide derivatives
C16932	Cinobufotalin	Steroids; 24-Carbon atoms; Bufanolide derivatives
C16962	Gamabufogenin	Steroids; 24-Carbon atoms; Bufanolide derivatives
C16969	Hellebrigenin	Steroids; 24-Carbon atoms; Bufanolide derivatives
C17072	Telocinobufagin	Steroids; 24-Carbon atoms; Bufanolide derivatives
C12816	Proscillaridin	Steroids; 24-Carbon atoms; Bufanolide derivatives
C19643	Scillarenin	Steroids; 24-Carbon atoms; Bufanolide derivatives
C08880	Scilliroside	Steroids; 24-Carbon atoms; Bufanolide derivatives
C15337	Allocholesterol	Steroids; 27-Carbon atoms; Cholestane derivatives
C00187	Cholesterol	Steroids; 27-Carbon atoms; Cholestane derivatives
C01164	7-Dehydrocholesterol	Steroids; 27-Carbon atoms; Cholestane derivatives
C01802	Desmosterol	Steroids; 27-Carbon atoms; Cholestane derivatives
C00477	Ecdysone	Steroids; 27-Carbon atoms; Cholestane derivatives
C08896	Digitogenin	Steroids; 27-Carbon atoms; Spirostan derivatives
C08898	Diosgenin	Steroids; 27-Carbon atoms; Spirostan derivatives
C08899	Gitogenin	Steroids; 27-Carbon atoms; Spirostan derivatives
C03963	Sarsasapogenin	Steroids; 27-Carbon atoms; Spirostan derivatives
C08913	Smilagenin	Steroids; 27-Carbon atoms; Spirostan derivatives
C08914	Tigogenin	Steroids; 27-Carbon atoms; Spirostan derivatives
C04715	Nuatigenin	Steroids; 27-Carbon atoms; Furostan derivatives
C19648	Pseudotigogenin	Steroids; 27-Carbon atoms; Furostan derivatives
C19649	Pseudosarsasapogenin	Steroids; 27-Carbon atoms; Furostan derivatives
C19650	Pseudosmilagenin	Steroids; 27-Carbon atoms; Furostan derivatives
C19651	Ergostanol	Steroids; 28-Carbon atoms; Ergostane derivatives
C19652	alpha-Ergostenol	Steroids; 28-Carbon atoms; Ergostane derivatives
C01694	Ergosterol	Steroids; 28-Carbon atoms; Ergostane derivatives
C19653	Lumisterol	Steroids; 28-Carbon atoms; Ergostane derivatives
C08814	Brassinolide	Steroids; 28-Carbon atoms; Campestane derivatives
C15787	Campestanol	Steroids; 28-Carbon atoms; Campestane derivatives
C01789	Campesterol	Steroids; 28-Carbon atoms; Campestane derivatives
C08817	Fucosterol	Steroids; 29-Carbon atoms; Stigmastane derivatives
C19644	Stigmastanol	Steroids; 29-Carbon atoms; Stigmastane derivatives
C05442	Stigmasterol	Steroids; 29-Carbon atoms; Stigmastane derivatives
C08836	Poriferasterol	Steroids; 29-Carbon atoms; Poriferastane derivatives
C19654	gamma-Sitosterol	Steroids; 29-Carbon atoms; Poriferastane derivatives
C19657	Acanthasterol	Steroids; 30-Carbon atoms; Gorgostane derivatives
C19655	Gorgosterol	Steroids; 30-Carbon atoms; Gorgostane derivatives
C19656	Sarcoaldesterol A	Steroids; 30-Carbon atoms; Gorgostane derivatives
C16086	Prolactin-releasing peptide-31	Hormones and transmitters; Peptide hormones; Prolactin-releasing peptide [KO:K05269]
C16087	Prolactin-releasing peptide-20	Hormones and transmitters; Peptide hormones; Prolactin-releasing peptide [KO:K05269]
C03958	Thyrotropin-releasing hormone	Hormones and transmitters; Peptide hormones; Thyrotropin-releasing hormone [KO:K05253]
C07607	Gonadotropin-releasing hormone I	Hormones and transmitters; Peptide hormones; Gonadotropin-releasing hormone [KO:K05252]
C16084	Gonadotropin-releasing hormone II	Hormones and transmitters; Peptide hormones; Gonadotropin-releasing hormone [KO:K05252]
C16085	Growth hormone-releasing hormone (1-29)	Hormones and transmitters; Peptide hormones; Growth hormone-releasing hormone [KO:K05260]
C16022	Somatostatin-14	Hormones and transmitters; Peptide hormones; Somatostatin [KO:K05237]
C16021	Somatostatin-28	Hormones and transmitters; Peptide hormones; Somatostatin [KO:K05237]
C16079	Corticotropin releasing hormone	Hormones and transmitters; Peptide hormones; Corticotropin-releasing hormone [KO:K05256]
C16115	Gastrin-releasing peptide	Hormones and transmitters; Peptide hormones; Gastrin-releasing peptide [KO:K05224]
C16030	Melanin-concentrating hormone	Hormones and transmitters; Peptide hormones; Melanin-concentrating hormone [KO:K05229]
C00746	Oxytocin	Hormones and transmitters; Peptide hormones; Oxytocin [KO:K05243]
C13662	Arg-vasopressin	Hormones and transmitters; Peptide hormones; Arginine vasopressin [KO:K05242]
C02758	alpha-Melanotropin	Hormones and transmitters; Peptide hormones; Melanotropin [KO:K05228]
C16136	beta-Melanotropin	Hormones and transmitters; Peptide hormones; Melanotropin [KO:K05228]
C16137	gamma-Melanotropin	Hormones and transmitters; Peptide hormones; Melanotropin [KO:K05228]
C02017	Corticotropin	Hormones and transmitters; Peptide hormones; Corticotropin [KO:K05228]
C18181	Growth hormone	Hormones and transmitters; Peptide hormones; Growth hormone [KO:K05438]
C18201	Prolactin	Hormones and transmitters; Peptide hormones; Prolactin [KO:K05439]
C18182	Thyroid stimulating hormone	Hormones and transmitters; Peptide hormones; Thyroid stimulating hormone [KO:K05251 K08522]
C18183	Luteinizing hormone	Hormones and transmitters; Peptide hormones; Luteinizing hormone [KO:K08521 K08522]
C18184	Follicle stimulating hormone	Hormones and transmitters; Peptide hormones; Follicle stimulating hormone [KO:K05250 K08522]
C02210	beta-Endorphin	Hormones and transmitters; Peptide hormones; beta-Endorphin [KO:K05228]
C11684	Met-enkephalin	Hormones and transmitters; Peptide hormones; Enkephalin [KO:K18832]
C16041	Leu-enkephalin	Hormones and transmitters; Peptide hormones; Enkephalin [KO:K18832]
C01574	Dynorphin A	Hormones and transmitters; Peptide hormones; Dynorphin [KO:K15840]
C16135	Dynorphin B	Hormones and transmitters; Peptide hormones; Dynorphin [KO:K15840]
C18185	Chorionic gonadotropin	Hormones and transmitters; Peptide hormones; Chorionic gonadotropin [KO:K10045 K08522]
C06865	Calcitonin	Hormones and transmitters; Peptide hormones; Calcitonin [KO:K12332]
C16051	Parathyroid hormone	Hormones and transmitters; Peptide hormones; Parathyroid hormone [KO:K05261]
C16003	Atrial natriuretic peptide	Hormones and transmitters; Peptide hormones; Atrial natriuretic peptide [KO:K12334]
C16004	Brain natriuretic peptide	Hormones and transmitters; Peptide hormones; Brain natriuretic peptide [KO:K12335]
C16005	C-Type natriuretic peptide	Hormones and transmitters; Peptide hormones; C-Type natriuretic peptide [KO:K12336]
C16010	Endothelin-1	Hormones and transmitters; Peptide hormones; Endothelin [KO:K05227]
C16012	Endothelin-2	Hormones and transmitters; Peptide hormones; Endothelin [KO:K05227]
C16013	Endothelin-3	Hormones and transmitters; Peptide hormones; Endothelin [KO:K05227]
C01501	Glucagon	Hormones and transmitters; Peptide hormones; Glucagon [KO:K05259]
C00723	Insulin	Hormones and transmitters; Peptide hormones; Insulin [KO:K04526]
C16130	Amylin	Hormones and transmitters; Peptide hormones; Amylin [KO:K08039]
C16118	Peptide YY	Hormones and transmitters; Peptide hormones; Peptide YY [KO:K05233]
C18186	Gastrin-14	Hormones and transmitters; Peptide hormones; Gastrin [KO:K13768]
C16113	Gastrin-17	Hormones and transmitters; Peptide hormones; Gastrin [KO:K13768]
C18187	Gastrin-34	Hormones and transmitters; Peptide hormones; Gastrin [KO:K13768]
C16025	Ghrelin	Hormones and transmitters; Peptide hormones; Ghrelin [KO:K05254]
C16114	Cholecystokinin-8	Hormones and transmitters; Peptide hormones; Cholecystokinin [KO:K05226]
C16133	Cholecystokinin-33	Hormones and transmitters; Peptide hormones; Cholecystokinin [KO:K05226]
C15906	Gastric inhibitory peptide	Hormones and transmitters; Peptide hormones; Incretin [KO:K05258 K05259]
C16048	Glucagon-like peptide 1	Hormones and transmitters; Peptide hormones; Incretin [KO:K05258 K05259]
C16047	Motilin	Hormones and transmitters; Peptide hormones; Motilin [KO:K05265]
C13523	Secretin	Hormones and transmitters; Peptide hormones; Secretin [KO:K05263]
C16065	Thymosin alpha-1	Hormones and transmitters; Peptide hormones; Thymosin alpha [KO:K13784]
C16066	Thymosin beta-4	Hormones and transmitters; Peptide hormones; Thymosin beta-4 [KO:K05764]
C16067	Thymosin beta-10	Hormones and transmitters; Peptide hormones; Thymosin beta-10 [KO:K13785]
C16131	Insulin-like growth factor I	Hormones and transmitters; Peptide hormones; Insulin-like growth factor 1 [KO:K05459]
C16132	Insulin-like growth factor II	Hormones and transmitters; Peptide hormones; Insulin-like growth factor 2 [KO:K13769]
C18200	Erythropoietin	Hormones and transmitters; Peptide hormones; Erythropoietin [KO:K05437]
C00873	Angiotensin I	Hormones and transmitters; Peptide hormones; Angiotensin [KO:K09821]
C02135	Angiotensin II	Hormones and transmitters; Peptide hormones; Angiotensin [KO:K09821]
C15848	Angiotensin III	Hormones and transmitters; Peptide hormones; Angiotensin [KO:K09821]
C15849	Angiotensin IV	Hormones and transmitters; Peptide hormones; Angiotensin [KO:K09821]
C00306	Bradykinin	Hormones and transmitters; Peptide hormones; Bradykinin [KO:K03898]
C18188	Leptin	Hormones and transmitters; Peptide hormones; Leptin [KO:K05424]
C18189	Adiponectin	Hormones and transmitters; Peptide hormones; Adiponectin [KO:K07296]
C18190	Resistin	Hormones and transmitters; Peptide hormones; Resistin [KO:K13438]
C00280	Androstenedione	Hormones and transmitters; Steroid hormones; Androgens
C05291	7alpha-Hydroxytestosterone	Hormones and transmitters; Steroid hormones; Androgens
C00535	Testosterone	Hormones and transmitters; Steroid hormones; Androgens
C01227	Dehydroepiandrosterone	Hormones and transmitters; Steroid hormones; Androgens
C03917	Dihydrotestosterone	Hormones and transmitters; Steroid hormones; Androgens
C04555	Dehydroepiandrosterone sulfate	Hormones and transmitters; Steroid hormones; Androgens
C05294	19-Hydroxytestosterone	Hormones and transmitters; Steroid hormones; Androgens
C00468	Estrone	Hormones and transmitters; Steroid hormones; Estrogens
C00951	Estradiol-17beta	Hormones and transmitters; Steroid hormones; Estrogens
C02538	Estrone 3-sulfate	Hormones and transmitters; Steroid hormones; Estrogens
C05141	Estriol	Hormones and transmitters; Steroid hormones; Estrogens
C05300	16alpha-Hydroxyestrone	Hormones and transmitters; Steroid hormones; Estrogens
C00410	Progesterone	Hormones and transmitters; Steroid hormones; Progestagens
C01176	17alpha-Hydroxyprogesterone	Hormones and transmitters; Steroid hormones; Progestagens
C01953	Pregnenolone	Hormones and transmitters; Steroid hormones; Progestagens
C05138	17alpha-Hydroxypregnenolone	Hormones and transmitters; Steroid hormones; Progestagens
C00735	Cortisol	Hormones and transmitters; Steroid hormones; Glucocorticoids
C00762	Cortisone	Hormones and transmitters; Steroid hormones; Glucocorticoids
C05488	11-Deoxycortisol	Hormones and transmitters; Steroid hormones; Glucocorticoids
C05470	Tetrahydrocortisone	Hormones and transmitters; Steroid hormones; Glucocorticoids
C05497	21-Deoxycortisol	Hormones and transmitters; Steroid hormones; Glucocorticoids
C01124	18-Hydroxycorticosterone	Hormones and transmitters; Steroid hormones; Mineralocorticoids
C01780	Aldosterone	Hormones and transmitters; Steroid hormones; Mineralocorticoids
C02140	Corticosterone	Hormones and transmitters; Steroid hormones; Mineralocorticoids
C03205	11-Deoxycorticosterone	Hormones and transmitters; Steroid hormones; Mineralocorticoids
C05490	11-Dehydrocorticosterone	Hormones and transmitters; Steroid hormones; Mineralocorticoids
C01673	Calcitriol (Vitamin D)	Hormones and transmitters; Steroid hormones; Others
C00477	Ecdysone	Hormones and transmitters; Steroid hormones; Others
C01598	Melatonin	Hormones and transmitters; Other hormones; Melatonin
C01829	Thyroxine	Hormones and transmitters; Other hormones; Thyroid hormones
C02465	Triiodothyronine	Hormones and transmitters; Other hormones; Thyroid hormones
C00788	Adrenaline	Hormones and transmitters; Other hormones; Adrenalines
C00547	Noradrenaline	Hormones and transmitters; Other hormones; Adrenalines
C03758	Dopamine	Hormones and transmitters; Other hormones; Dopamine
C00388	Histamine	Hormones and transmitters; Other hormones; Histamine
C01996	Acetylcholine	Hormones and transmitters; Neurotransmitters; Acetylcholine
C00037	Glycine	Hormones and transmitters; Neurotransmitters; Amino acids
C00049	Aspartate	Hormones and transmitters; Neurotransmitters; Amino acids
C00025	Glutamate	Hormones and transmitters; Neurotransmitters; Amino acids
C00334	GABA	Hormones and transmitters; Neurotransmitters; Amino acids
C00355	Dopa	Hormones and transmitters; Neurotransmitters; Amino acids
C01829	Thyroxine	Hormones and transmitters; Neurotransmitters; Amino acids
C03758	Dopamine	Hormones and transmitters; Neurotransmitters; Biogenic amines
C00788	Epinephrine; Adrenaline	Hormones and transmitters; Neurotransmitters; Biogenic amines
C00547	Norepinephrine; Noradrenaline	Hormones and transmitters; Neurotransmitters; Biogenic amines
C00780	Serotonin	Hormones and transmitters; Neurotransmitters; Biogenic amines
C00388	Histamine	Hormones and transmitters; Neurotransmitters; Biogenic amines
C05551	Penicillin G	Antibiotics; beta-Lactams; Penams
C06574	Ampicillin	Antibiotics; beta-Lactams; Penams
C00916	Cephalosporin C	Antibiotics; beta-Lactams; Cephems
C06566	Cephamycin C	Antibiotics; beta-Lactams; Cephems
C06880	Cefazolin	Antibiotics; beta-Lactams; Cephems
C06683	Ceftriaxone	Antibiotics; beta-Lactams; Cephems
C06662	Clavulanic acid	Antibiotics; beta-Lactams; Clavams
C06664	Thienamycin	Antibiotics; beta-Lactams; Carbapenems
C06665	Imipenem	Antibiotics; beta-Lactams; Carbapenems
C01941	Nocardicin A	Antibiotics; beta-Lactams; Monobactams
C06840	Aztreonam	Antibiotics; beta-Lactams; Monobactams
C00413	Streptomycin	Antibiotics; Aminoglycosides; Streptidines
C02078	Spectinomycin	Antibiotics; Aminoglycosides; Actinamines
C00304	Kanamycin	Antibiotics; Aminoglycosides; 2-Deoxystreptamines
C01918	Gentamicin C	Antibiotics; Aminoglycosides; 2-Deoxystreptamines
C01737	Neomycin B	Antibiotics; Aminoglycosides; 2-Deoxystreptamines
C17585	Butirosin A	Antibiotics; Aminoglycosides; 2-Deoxystreptamines
C01912	Erythromycin	Antibiotics; Polyketides and nonribosomal peptides; Macrolides
C01946	Oleandomycin	Antibiotics; Polyketides and nonribosomal peptides; Macrolides
C01457	Tylosin	Antibiotics; Polyketides and nonribosomal peptides; Macrolides
C06690	Candicidin D	Antibiotics; Polyketides and nonribosomal peptides; Macrolides
C11222	Geldanamycin	Antibiotics; Polyketides and nonribosomal peptides; Ansamycins
C12247	Rifamycin W	Antibiotics; Polyketides and nonribosomal peptides; Ansamycins
C06688	Rifampicin	Antibiotics; Polyketides and nonribosomal peptides; Ansamycins
C06570	Tetracycline	Antibiotics; Polyketides and nonribosomal peptides; Tetracyclines
C06571	Chlortetracycline	Antibiotics; Polyketides and nonribosomal peptides; Tetracyclines
C01661	Adriamycin	Antibiotics; Polyketides and nonribosomal peptides; Other polyketides
C06691	Actinorhodine	Antibiotics; Polyketides and nonribosomal peptides; Other polyketides
C06764	Tetranactin	Antibiotics; Polyketides and nonribosomal peptides; Other polyketides
C06693	Monensin	Antibiotics; Polyketides and nonribosomal peptides; Other polyketides
C06686	Griseofulvin	Antibiotics; Polyketides and nonribosomal peptides; Other polyketides
C06689	Vancomycin	Antibiotics; Polyketides and nonribosomal peptides; Non-ribosomal peptides
C12046	Teicoplanin A2-2	Antibiotics; Polyketides and nonribosomal peptides; Non-ribosomal peptides
C01895	Bleomycin B2	Antibiotics; Polyketides and nonribosomal peptides; Non-ribosomal peptides
C15482	Bacitracin A	Antibiotics; Polyketides and nonribosomal peptides; Non-ribosomal peptides
C06684	Valinomycin	Antibiotics; Polyketides and nonribosomal peptides; Non-ribosomal peptides
C11612	Polymyxin B	Antibiotics; Polyketides and nonribosomal peptides; Non-ribosomal peptides
C06770	Actinomycin D	Antibiotics; Polyketides and nonribosomal peptides; Non-ribosomal peptides
C05079	Nalidixic acid	Antibiotics; Quinolones; 4-Quinolones
C06687	Norfloxacin	Antibiotics; Quinolones; Fluoroquinolones
C06763	Nojirimycin	Antibiotics; Others; Pure sugars
C06765	Flavomycin	Antibiotics; Others; Glycolipids
C06682	Cycloserine	Antibiotics; Others; Amino acid derivatives
C06692	Polyoxin B	Antibiotics; Others; Peptide nucleosides
C06685	Cycloheximide	Antibiotics; Others; Cycloalkane derivatives
C06694	Fusidic acid	Antibiotics; Others; Steroids
C00918	Chloramphenicol	Antibiotics; Others; Aromatic compounds
C05080	Novobiocin	Antibiotics; Others; Aromatic compounds
C06454	Fosfomycin	Antibiotics; Others; Aliphatic compounds
C06681	Mitomycin	Antibiotics; Others; Quinones
C06695	2-Oxazolidinone	Antibiotics; Others; Cyclic lactones
C14818	Fe(2+)	Minerals
C00011	CO2	
C05361	HYDRAZINE	Other; Inorganic hydrides; Nitrogen hydrides
C00014	NH4(+)	Other; Inorganic hydrides; Nitrogen hydrides
C05413	all-trans-Phytoene	Lipids; Prenol lipids; Isoprenoids; C40 isoprenoids
C14819	Fe(3+)	Minerals
C00080 	H(+)	
C00027	H2O2
C00424	(S)-Lactaldehyde	Other; Carbonyl compounds; Aldehydes; Pyruvate metabolism
C00227	Acetyl phosphate	Other; Organic phosphates; Phosphoric acid derivative; Taurine and hypotaurine metabolism; Pyruvate metabolism
C00469	ethanol	Other; Alcohols
C00179	Agmatine	Other; Phytochemical compounds; Amino acid related compounds; Others; Amines
C01188	3-Hydroxyisobutyrate	Organic acids; Fatty acids; Short-chain fatty acid anion
C05665	3-Aminopropanal	Other; Carbonyl compounds; Aldehydes; Amino aldehyde
C00007	O2
C00059	sulfate	
C00288	hydrogencarbonate	Other; Inorganic Acids; Carbonates
C05898	Undecaprenyl-diphospho-N-acetylmuramoyl-(N-acetylglucosamine)-L-alanyl-D-glutamyl-meso-2,6-diaminopimeloyl-D-alanyl-D-alanine	Lipids; Prenol Lipids; Polyprenols; Bactoprenol diphosphates
C00084	Acetaldehyde	Other; Carbonyl compounds; Aldehydes
C00398	Tryptamine	Other; Phytochemical compounds; Alkaloids; Alkaloids derived from tryptophan and anthranilic acid
C00283	H2S	Other; Inorganic hydrides
C01672	Cadaverine	Other; Organic amino compounds; Polyamines
C00009	Orthophosphate	Minerals
C03589	4-Hydroxy-2-oxopentanoate	Organic acids; Phenylalanine metabolism
C01697	Galactitol	Carbohydrates; Polyol; Galactose metabolism
MNXM15783	Ala-Gly	Peptides
MNXM161565	thiamine(1+) chloride	Vitamins and Cofactors
C04322	Delta1-Pyrroline-5-carboxylate	Organic acids; Carboxylic acids
C15809	2-iminoacetate	Organic acids; Carboxylic acids; Imino acids; Thiamine metabolism
C00244	nitrate	Other; Inorganic Anions; Nitrogen oxoanion
C00262	Hypoxanthine	Other; Heterocyclic compounds; Purines
C00160	Glycolate	Organic acids; Carboxylic acids; Acetates
C00001	H2O
C04574	Undecaprenyl diphosphate	Lipids; Prenol lipids; Polyprenols; Bactoprenol diphosphates
C00294	Inosine	Nucleic acids; Nucleosides; Purine nucleosides
C00455	beta-nicotinamide D-ribonucleotide	Nucleic acids; Nucleotides; Ribonucleotides
C03722	Quinolinate	Others; Heterocyclic compounds; Pyridines
C00067	Formaldehyde	
C05840	Iminoaspartate	Organic acids; Carboxylic acids; Amino acids
C01551	Allantoin	Other; Heterocyclic compounds; Imidazolidines
C01762	Xanthosine	Nucleic acids; Nucleosides; Ribonucleosides
C05898	Undecaprenyl-diphospho-N-acetylmuramoyl-(N-acetylglucosamine)-L-alanyl-D-glutamyl-meso-2,6-diaminopimeloyl-D-alanyl-D-alanine	Lipids; Prenol lipids; Polyprenols; Bactoprenol diphosphates
C00818	D-Glucarate	Organic acids; Carboxylic acids; Aldaric acids
C04146	all-trans-Octaprenyl diphosphate	Lipids; Prenol lipids; Isoprenoids; C40 isoprenoids
C00129	Isopentenyl diphosphate	Lipids; Prenol lipids; Isoprenoids; C5 isoprenoids
MNXM8666	Gly-Cys	Peptides
MNXM88345	two linked disacharide pentapeptide murein units (uncrosslinked, middle of chain)	Carbohydrates
C02876	Propanoyl phosphate	Other; Organic phosphates
C00127	Glutathione disulfide	Peptides; Oligopeptides
C01367	3'-AMP	Nucleic acids; Nucleotides; Ribonucleotides; Adenine Nucleotides
C05822	3'-CMP	Nucleic acids; Nucleotides; Ribonucleotides; Cytosine Nucleotides
C00637	indole-3-acetaldehyde	Other; Heterocyclic compounds; Indoles
C00493	shikimate	Organic acids; Carboxylic acids
C01936	maltohexaose	Carbohydrates; Polysaccharides
G00343	Maltopentaose	Carbohydrates; Oligosaccharides
MNXM61038	Maltotriose	Carbohydrates; Oligosaccharides
MNXM468	Maltotriose	Carbohydrates; Oligosaccharides
C00103	D-Glucose 1-phosphate	Carbohydrates; Sugar Phosphates
C00087	sulfur	Minerals
C01045	N-Formyl-L-glutamate	Peptides; Amino acids
C05379	Oxalosuccinate	Organic acids; Carboxylic acids
C03028	Thiamine triphosphate	Vitamins and Cofactors
MNXM162260	Propionate	Organic acids
MNXM1626	2-C-methyl-D-erythritol 4-phosphate	Carbohydrates; Sugar Phosphate
MNXM168170	L-proline amide	Organic acids; Carboxylic acids
C18050	Mannosylfructose 6-phosphate	Other; Organic phosphates
C11838	(S)-4,5-Dihydroxypentane-2,3-dione	Other; Alkohols
MNXM249	heme b	Other; Metalloporphyrins
C00536	triphosphate	Other; Phosphates
C00446	alpha-D-Galactose 1-phosphate	Carbohydrates; Sugar Phosphates; Hexosephosphates
C00441	L-Aspartic 4-semialdehyde	Organic acids; Carboxylic acids
MNXM373	Phosphopantetheine	Other; Organic anions; Sulfur compounds
C16421	Autoinducer 2	Other; Organic anions; Lactones
MNXM4391	5-Deoxy-D-ribose	Carbohydrates; Deoxypentose
MNXM480	(S)-2,3,4,5-Tetrahydrodipicolinate	Organic acids; Carboxylic acid anion
MNXM59552	L-Threitol	Other; Sugar alcohol
C05702	O-Phosphorylhomoserine	Peptides; Alpha-amino acids
C00663	beta-D-Glucose 1-phosphate	Carbohydrates; Sugar Phosphates; Hexosephosphates
C01563	Carbamate	Organic acids; Carboxylic acids
C01118	O-Succinyl-L-homoserine	Peptides; Alpha-mino acids
MNXM8664	Glycyl-l-asparagine	Peptides; Dipeptides
MNXM881	D-Ribose 1,5-bisphosphate	Carbohydrates; Sugar phosphates
C01013	D-Ribose 1,5-bisphosphate	Carbohydrates; Sugar phosphates
C01971	beta-Maltose	Carbohydrates; Oligosaccharides; Glucans
C06002	(S)-Methylmalonate semialdehyde	Organic acids; Carboxylic acids; Aldehydic acids
C00122	Fumarate	Organic acids; Carboxylic acids
C00962	beta-D-Galactose	Carbohydrates
C00230	3,4-Dihydroxybenzoic acid	Organic acids; Carboxylic acids
C06193	3'-GMP	Nucleotides; Ribonucleotides; Guanine Nucleotides
MNXM2183	3'-GMP	Nucleic acids; Nucleotides; Ribonucleotides; Guanine Nucleotides
C01368	3'-UMP	Nucleic acids; Nucleotides; Ribonucleotides; Uracil Nucleotides
C15556	2-Hydroxy-3-oxobutyl phosphate	Other; Alcohols
C00637	Indole-3-acetaldehyde	Other; Heterocyclic compounds; Indoles
C04294	4-Methyl-5-thiazoleethanol	Other; Alcohols; Phytochemical compounds
MNXM1542	beta-D-fructofuranose	Carbohydrates
MNXM339	D-glucono-1,5-lactone	Organic acids
MNXM3414	2-aminoprop-2-enoate	Peptides; amino acid zwitterion
MNXM132	dimethylallyl diphosphate	Other
MNXM1	proton	Other
MNXM22	H2O2	Other
MNXM4	O2	Other
MNXM58	sulfate	Minerals

	

